Workbook

Sheet 総括
A1: 加工管 集計総括表
A3: 施工図名 | B3: 260811_ボイラー室、冷凍機室加工管製作依頼
A4: 管材 | B4: 配管用ステンレス鋼管 Sch10S
A5: 継手 | B5: SUS溶接継手Sch10S
A6: 図面番号 | B6: 10-066
A7: 日付 | B7: 2026年8月12日
A9: 系統 | B9: 記号 | C9: 系統数 | D9: 配管全長(mm) | E9: 配管全長(m) | F9: 継手計(個) | G9: ダイヤインチ
A10: 1 | B10: ① | C10: 9 | D10: ='1'!C11 | E10: =D10/1000 | F10: ='1'!F16 | G10: ='1'!G16
A11: 2 | B11: ② | C11: 9 | D11: ='2'!C11 | E11: =D11/1000 | F11: ='2'!F18 | G11: ='2'!G18
A12: 3 | B12: ③ | C12: 5 | D12: ='3'!C11 | E12: =D12/1000 | F12: ='3'!F18 | G12: ='3'!G18
A13: 4 | B13: ④ | C13: 11 | D13: ='4'!C11 | E13: =D13/1000 | F13: ='4'!F16 | G13: ='4'!G16
A14: 5 | B14: ⑤ | C14: 8 | D14: ='5'!C11 | E14: =D14/1000 | F14: ='5'!F16 | G14: ='5'!G16
A15: 7 | B15: ⑦ | C15: 13 | D15: ='7'!C11 | E15: =D15/1000 | F15: ='7'!F16 | G15: ='7'!G16
A16: 総合計 | C16: =SUM(C10:C15) | D16: =SUM(D10:D15) | E16: =D16/1000 | F16: =SUM(F10:F15) | G16: =SUM(G10:G15)
A18: ※ ダイヤインチ＝継手個数×呼び径(インチ)。25A=1, 40A=1.5, 50A=2, 65A=2.5, 100A=4, 150A=6 で換算。
A19: ※ 出典：単品加工図 図面番号10-066（全19ページ・全55系統）の各系統表を集計。RF⑥は本図面に無し。
A20: ※ 配管全長は各系統NO.欄の直管寸法(mm)×数量の合計。継手計・ダイヤインチはF10K/LL/YLL/T/Sの合計。パッキンは参考別掲（継手計に含まず）。

Sheet 1
A1: 系統 ① 集計表（①-1 〜 ①-99）
A3: 施工図名 | B3: 260811_ボイラー室、冷凍機室加工管製作依頼
A4: 管材 | B4: 配管用ステンレス鋼管 Sch10S
A5: 継手 | B5: SUS溶接継手Sch10S
A6: 対象系統 | B6: ①-1、①-2、①-3、①-4、①-5、①-6、①-7、①-8、①-9
A8: ■ 管サイズごとの全長
A9: 管サイズ | B9: 本数 | C9: 全長(mm) | D9: 全長(m)
A10: 65A | B10: 16 | C10: 14965 | D10: =C10/1000
A11: 合計 | B11: =SUM(B10:B10) | C11: =SUM(C10:C10) | D11: =C11/1000
A13: ■ 継手の個数 / ダイヤインチ
A14: 管サイズ | B14: インチ | C14: フランジ F10K | D14: エルボ LL | E14: エルボ YLL | F14: 継手計(個) | G14: ダイヤインチ
A15: 65A | B15: 2.5 | C15: 18 | D15: 6 | E15: 1 | F15: =SUM(C15:E15) | G15: =F15*B15
A16: 合計 | C16: =SUM(C15:C15) | D16: =SUM(D15:D15) | E16: =SUM(E15:E15) | F16: =SUM(F15:F15) | G16: =SUM(G15:G15)

Sheet 2
A1: 系統 ② 集計表（②-1 〜 ②-99）
A3: 施工図名 | B3: 260811_ボイラー室、冷凍機室加工管製作依頼
A4: 管材 | B4: 配管用ステンレス鋼管 Sch10S
A5: 継手 | B5: SUS溶接継手Sch10S
A6: 対象系統 | B6: ②-1、②-2、②-3、②-4、②-5、②-6、②-7、②-8、②-9
A8: ■ 管サイズごとの全長
A9: 管サイズ | B9: 本数 | C9: 全長(mm) | D9: 全長(m)
A10: 100A | B10: 13 | C10: 11043 | D10: =C10/1000
A11: 合計 | B11: =SUM(B10:B10) | C11: =SUM(C10:C10) | D11: =C11/1000
A13: ■ 継手の個数 / ダイヤインチ
A14: 管サイズ | B14: インチ | C14: フランジ F10K | D14: エルボ LL | E14: 異径ソケット S | F14: 継手計(個) | G14: ダイヤインチ
A15: 50A | B15: 2 | C15: 1 | D15: 0 | E15: 0 | F15: =SUM(C15:E15) | G15: =F15*B15
A16: 100A | B16: 4 | C16: 17 | D16: 4 | E16: 0 | F16: =SUM(C16:E16) | G16: =F16*B16
A17: 100A×50A | B17: 4 | C17: 0 | D17: 0 | E17: 1 | F17: =SUM(C17:E17) | G17: =F17*B17
A18: 合計 | C18: =SUM(C15:C17) | D18: =SUM(D15:D17) | E18: =SUM(E15:E17) | F18: =SUM(F15:F17) | G18: =SUM(G15:G17)

Sheet 3
A1: 系統 ③ 集計表（③-1 〜 ③-99）
A3: 施工図名 | B3: 260811_ボイラー室、冷凍機室加工管製作依頼
A4: 管材 | B4: 配管用ステンレス鋼管 Sch10S
A5: 継手 | B5: SUS溶接継手Sch10S
A6: 対象系統 | B6: ③-1、③-2、③-3、③-4、③-5
A8: ■ 管サイズごとの全長
A9: 管サイズ | B9: 本数 | C9: 全長(mm) | D9: 全長(m)
A10: 100A | B10: 9 | C10: 6051 | D10: =C10/1000
A11: 合計 | B11: =SUM(B10:B10) | C11: =SUM(C10:C10) | D11: =C11/1000
A13: ■ 継手の個数 / ダイヤインチ
A14: 管サイズ | B14: インチ | C14: フランジ F10K | D14: エルボ LL | E14: 異径ソケット S | F14: 継手計(個) | G14: ダイヤインチ
A15: 40A | B15: 1.5 | C15: 1 | D15: 0 | E15: 0 | F15: =SUM(C15:E15) | G15: =F15*B15
A16: 100A | B16: 4 | C16: 9 | D16: 4 | E16: 0 | F16: =SUM(C16:E16) | G16: =F16*B16
A17: 100A×40A | B17: 4 | C17: 0 | D17: 0 | E17: 1 | F17: =SUM(C17:E17) | G17: =F17*B17
A18: 合計 | C18: =SUM(C15:C17) | D18: =SUM(D15:D17) | E18: =SUM(E15:E17) | F18: =SUM(F15:F17) | G18: =SUM(G15:G17)

Sheet 4
A1: 系統 ④ 集計表（④-1 〜 ④-99）
A3: 施工図名 | B3: 260811_ボイラー室、冷凍機室加工管製作依頼
A4: 管材 | B4: 配管用ステンレス鋼管 Sch10S
A5: 継手 | B5: SUS溶接継手Sch10S
A6: 対象系統 | B6: ④-1、④-2、④-3、④-4、④-5、④-6、④-7、④-8、④-9、④-10、④-11
A8: ■ 管サイズごとの全長
A9: 管サイズ | B9: 本数 | C9: 全長(mm) | D9: 全長(m)
A10: 100A | B10: 19 | C10: 14354 | D10: =C10/1000
A11: 合計 | B11: =SUM(B10:B10) | C11: =SUM(C10:C10) | D11: =C11/1000
A13: ■ 継手の個数 / ダイヤインチ
A14: 管サイズ | B14: インチ | C14: フランジ F10K | D14: エルボ LL | E14: チーズ T | F14: 継手計(個) | G14: ダイヤインチ
A15: 100A | B15: 4 | C15: 23 | D15: 7 | E15: 1 | F15: =SUM(C15:E15) | G15: =F15*B15
A16: 合計 | C16: =SUM(C15:C15) | D16: =SUM(D15:D15) | E16: =SUM(E15:E15) | F16: =SUM(F15:F15) | G16: =SUM(G15:G15)

Sheet 5
A1: 系統 ⑤ 集計表（⑤-1 〜 ⑤-99）
A3: 施工図名 | B3: 260811_ボイラー室、冷凍機室加工管製作依頼
A4: 管材 | B4: 配管用ステンレス鋼管 Sch10S
A5: 継手 | B5: SUS溶接継手Sch10S
A6: 対象系統 | B6: ⑤-1、⑤-2、⑤-3、⑤-4、⑤-5、⑤-6、⑤-7、⑤-8
A8: ■ 管サイズごとの全長
A9: 管サイズ | B9: 本数 | C9: 全長(mm) | D9: 全長(m)
A10: 150A | B10: 11 | C10: 10892 | D10: =C10/1000
A11: 合計 | B11: =SUM(B10:B10) | C11: =SUM(C10:C10) | D11: =C11/1000
A13: ■ 継手の個数 / ダイヤインチ
A14: 管サイズ | B14: インチ | C14: フランジ F10K | D14: エルボ LL | E14: エルボ YLL | F14: 継手計(個) | G14: ダイヤインチ
A15: 150A | B15: 6 | C15: 16 | D15: 1 | E15: 2 | F15: =SUM(C15:E15) | G15: =F15*B15
A16: 合計 | C16: =SUM(C15:C15) | D16: =SUM(D15:D15) | E16: =SUM(E15:E15) | F16: =SUM(F15:F15) | G16: =SUM(G15:G15)

Sheet 7
A1: 系統 ⑦ 集計表（⑦-1 〜 ⑦-99）
A3: 施工図名 | B3: 260811_ボイラー室、冷凍機室加工管製作依頼
A4: 管材 | B4: 配管用ステンレス鋼管 Sch10S
A5: 継手 | B5: SUS溶接継手Sch10S
A6: 対象系統 | B6: ⑦-1、⑦-2、⑦-3、⑦-4、⑦-5、⑦-6、⑦-7、⑦-8、⑦-9、⑦-10、⑦-11、⑦-12、⑦-13
A8: ■ 管サイズごとの全長
A9: 管サイズ | B9: 本数 | C9: 全長(mm) | D9: 全長(m)
A10: 25A | B10: 29 | C10: 13227 | D10: =C10/1000
A11: 合計 | B11: =SUM(B10:B10) | C11: =SUM(C10:C10) | D11: =C11/1000
A13: ■ 継手の個数 / ダイヤインチ
A14: 管サイズ | B14: インチ | C14: フランジ F10K | D14: エルボ LL | E14: チーズ T | F14: 継手計(個) | G14: ダイヤインチ | H14: パッキン(10K)4.5mm ※参考
A15: 25A | B15: 1 | C15: 29 | D15: 10 | E15: 3 | F15: =SUM(C15:E15) | G15: =F15*B15 | H15: 12
A16: 合計 | C16: =SUM(C15:C15) | D16: =SUM(D15:D15) | E16: =SUM(E15:E15) | F16: =SUM(F15:F15) | G16: =SUM(G15:G15) | H16: =SUM(H15:H15)
